"DOCUMENT_TYPE_ID","NAME"
"E5171A18D2254C8B9942848AC31DC1F9","Sponsor Passport - Residency Page"
"7763C57D4D804F409EA7F10735C04349","Sale of Shares Document"
"00000000000000000000000000000079","Employment Contract  Page 2"
"00000000000000000000000000000113","Three Months Bank Statement Page 1"
"00000000000000000000000000000059","Health insurance - if not paid"
"00000000000000000000000000000115","Three Months Bank Statement Page 3"
"00000000000000000000000000000148","Letter from holder of Conference-Exhibition-fair-festival page 1"
"00000000000000000000000000000173","New Entry Permit Visa"
"80618C6769A348C2B67EA14D87D8B6BA","New Establishment Card"
"00000000000000000000000000000015","Consanguinity Proof Page 2"
"00000000000000000000000000000030","Pledge Letter from sponsor Page 2"
"00000000000000000000000000000147","Labour card - Reciept page 2"
"470F296EE30445E08C023BE290362C7B","Sponsored Old Passport"
"00000000000000000000000000000116","Three Months Bank Statement Page 4"
"00000000000000000000000000000107","Partnership Contract Page 4"
"EBCAE64ACB1441308FC6B7543182BEEB","Others Page 4"
"785577AF6E8A4F369C51CF3A079DB8AE","Others Page 5"
"1ADED610F4434C638CD8FD2BD505D50A","Others Page 6"
"FA5702B7ED474484BC7F051211B13229","Others Page 7"
"595EB63E2AE94544BD28DD27F81C6E75","Sponsor Passport"
"23CD0CB8DADF449FBF904B6ECD5C63C6","Medical Unfit Certificate"
"5E424ABF04A545C3B42A9D28602245C4","Sponsored New Passport"
"BAE04485D2834A83A517F6DCF14FD775","Bank Payment Receipt"
"00000000000000000000000000000129","Temporary Employment Contract Page 2"
"CCA1234B4C034C69947390BA803E122A","Proof of Bank Deposit Page 1"
"00000000000000000000000000000068","EIDA Card"
"00000000000000000000000000000037","Birth Certificate Page 1"
"00000000000000000000000000000177","Others Page 4"
"000000000F0000000000000000000113","Original Notary Attested Authorization for signatory Page 2"
"00000000000000000000000000000082","Employment Contract  Page 5"
"00000000000000000000000000000062","Sponsor Passport Page 5"
"00000000000000000000000000000014","Consanguinity Proof Page 1"
"5046883DE440423A87908255EE0520A0","Others Page 10"
"00000000000000000000000000000007","Assisting Category Labour Contract Page 1"
"00000000000000000000000000000047","Property Ownership contract Page 10"
"00000000000000000000000000000091","Work Permit Page 1"
"00000000000000000000000000000165","consanguinity Proof Page 3"
"00000000000000000000000000000096","Current Sponsor Passport Page 5"
"66AB514E1FBC4C91B7FE6CE01FAC29B7","Others Page 8"
"3963DC12A2AD4D53919592909C3B37FF","Power of Attorney"
"CDD3E0173F2641D9A82B472455604E73","Salary Certificate - Labour contract - Partnership Contract  Page 1"
"5C608DC460534447AEF54CCDD492DD0D","EIDA Card Application Document"
"00000000000000000000000000000060","Sponsor Passport Page 1"
"00000000000000000000000000000078","Sponsored Old Passport Page 5"
"025E6D51961E4204AFA40BEC20912E3E","Birth Certificate"
"00000000000000000000000000000066","Partnership Contract Page 2"
"00000000000000000000000000000053","Sponsor Marriage Certificate Page 2"
"000000000F0000000000000000000112","Others Page 2"
"00000000000000000000000000000160","Medical Reports Page 10"
"00000000000000000000000000000083","Employment Contract  Page 6"
"00000000000000000000000000000084","Employment Contract  Page 7"
"82B8292BCED94835A91364FD87A3FD52","Property Ownership contract"
"77DDF4E7CF054FCCB7B994057069D701","Employment Card"
"00000000000000000000000000000095","Current Sponsor Passport Page 4"
"00000000000000000000000000000162","Medical Test page 2"
"9A7D2FADE57C4EFFB0D129DAE57CA7D0","Certificate of Good conduct - Page 1"
"543439B8221045409172EAA7B12B53AF","Court Request"
"00000000000000000000000000000085","Employment Contract  Page 8"
"94AF83C5A7BD45D987392B7EE410210F","Sponsored Passport - Residency Page"
"00000000000000000000000000000178","Others Page 7"
"78C5C2F9B23A4B6D88ED806A18246475","Medical Certificate from Origin Country"
"F6310223224F43788A45DBA40FD2E1E9","Consanguinity Proof"
"00000000000000000000000000000176","Others Page 3"
"07C872F21DBA4C4CB666ED2CE5303DC0","Employment Contract"
"00000000000000000000000000000008","Assisting Category Labour Contract Page 2"
"00000000000000000000000000000180","Birth Certificate Page 2"
"1DFE073824124861A0FEEB9E7873C636","MOL Approval for Renewal (because of Age) including approved period"
"00000000000000000000000000000063","Paid Deposit Receipt Page 1"
"00000000000000000000000000000041","Sponsored Passport page 2"
"00000000000000000000000000000070","New Sponsored Passport Page 2"
"00000000000000000000000000000183","Employment Card Page 2"
"00000000000000000000000000000027","No Objection Certificate from current sponsor Page 2"
"00000000000000000000000000000193","Official memo-circular page 1"
"00000000000000000000000000000072","New Sponsored Passport Page 4"
"00000000000000000000000000000009","Cancel Partnership contract letter from court Page 1"
"9C794D7F36C04162B7D5C8190B800B0F","EmiratesID or Passport First Page or Residency"
"00000000000000000000000000000064","Paid Deposit Receipt Page 2"
"00000000000000000000000000000075","Sponsored Old Passport Page 2"
"F07DD31A5C834266AC5BA4C5AD79C3CF","Sponsored Photo"
"EF3DB9C0B60C4F1BB072DFC640903DE6","Sponsored Passport"
"1FF6835C8A964C849183007D3E9E69D7","Passport Page 1"
"00000000000000000000000000000097","New Sponsor Passport Page 1"
"00000000000000000000000000000065","Partnership Contract Page 1"
"00000000000000000000000000000077","Sponsored Old Passport Page 4"
"46C0C140F0E34732A123B47F45986261","Court Certificate"
"00000000000000000000000000000142","GCC Residency"
"F1668EA64038438F8739F8420E09092A","Temporary Employment Contract"
"00000000000000000000000000000149","Letter from holder of Conference-Exhibition-fair-festival page 2"
"00000000000000000000000000000087","Employment Contract  Page 10"
"00000000000000000000000000000086","Employment Contract  Page 9"
"0F13C6FEDC46462897153D4CA53C9F30","Others Page 4"
"00000000000000000000000000000175","Others Page 2"
"00000000000000000000000000000166","Payment receipt - Inside the country fee"
"00000000000000000000000000000067","Partnership Contract Page 3"
"00000000000000000000000000000038","Marriage Certificate Page 1"
"00000000000000000000000000000102","New Sponsor Passport - Residency Page"
"00000000000000000000000000000114","Three Months Bank Statement Page 2"
"00000000000000000000000000000093","Current Sponsor Passport Page 2"
"00000000000000000000000000000033","Property Ownership contract Page 2"
"000000000F0000000000000000000111","Others Page 1"
"08517132F3954DD9B6B59394278F4110","Member 1 Identification Document Page 2"
"ACC17E81760B44BD8EFA439F8CD8DAD1","House Rental contract page 2"
"A87580D23FD24E0A985742215C9EB5A3","Others Page 1"
"00000000000000000000000000000106","Scan of the Accompany Details in the passport being added to"
"00000000000000000000000000000117","Three Months Bank Statement Page 5"
"8877C6B536C447B99286EE012956D672","Old Entry Permit Visa- Cancelled residency"
"00000000000000000000000000000040","Copy of Application"
"00000000000000000000000000000005","No Objection Certificate Page 1"
"48E5537414554BC48B4E54879030466D","Others Page 8"
"C17351F994104B35B35E7463CA8B099D","Others Page 3"
"00000000000000000000000000000131","Temporary Employment Contract Page 4"
"00000000000000000000000000000035","Property Ownership contract Page 4"
"00000000000000000000000000000163","Sponsored Passport page 5"
"AC65FDC3F3A6451B9A81D411A31D0649","Lost letter from police page 1"
"BAADA8086BC54C67BADF4E215BA61194","House Rental contract page 1"
"EF958400A9F141A996FC8B7F4587752D","Entry permit visa- Lost letter from police"
"00000000000000000000000000000055","Salary Certificate - Labour contract - Partnership Contract  Page 1"
"F880139677C84DDDB4BEF85C72A56D70","Others Page 1"
"00000000000000000000000000000081","Employment Contract  Page 4"
"00000000000000000000000000000161","Medical Test page 1"
"00000000000000000000000000000151","Marriage Certificate Page 2"
"F29169DDC5C944188285242739570BEB","Sponsor Marriage Certificate"
"00000000000000000000000000000154","Medical Reports Page 4"
"00000000000000000000000000000061","Sponsor Passport Page 3"
"00000000000000000000000000000123","Three Months Bank Statement Page 10"
"00000000000000000000000000000130","Temporary Employment Contract Page 3"
"A420137CFD0D463F88AC105642588748","Certificate of Good conduct - Page 2"
"00000000000000000000000000000133","Temporary Employment Contract Page 6"
"00000000000000000000000000000132","Temporary Employment Contract Page 5"
"00000000000000000000000000000017","Court Certificate Page 2"
"00000000000000000000000000000179","Others Page 10"
"18DE97A9DBED45F7B101E989B146FF90","Marriage Certificate"
"00000000000000000000000000000080","Employment Contract  Page 3"
"55D58D962F594AD19768BBEAFD775BA3","Unmarried letter Page 1"
"00000000000000000000000000000191","Bank Payment Receipt"
"00000000000000000000000000000103","Salary Certificate - Labour contract - Partnership Contract  Page 2"
"00000000000000000000000000000031","Proof of Bank Deposit Page 2"
"00000000000000000000000000000128","Temporary Employment Contract Page 1"
"00000000000000000000000000000094","Current Sponsor Passport Page 3"
"158DB56C997C41F38C1C0FB8C70BAF59","Original Notary Attested Authorization for signatory Page 2"
"00000000000000000000000000000146","House Rental contract page 4"
"7DF253B7AD5242B29D10F6D661DD9BC8","Paid Deposit Receipt Page 1"
"00000000000000000000000000000058","Pledge Letter from sponsor Page 1"
"00000000000000000000000000000145","House Rental contract page 3"
"00000000000000000000000000000190","Entry permit visa- Lost letter from police"
"00000000000000000000000000000098","New Sponsor Passport Page 2"
"00000000000000000000000000000143","Health Insurance card Page 1"
"00000000000000000000000000000101","New Sponsor Passport Page 5"
"00000000000000000000000000000181","Original Entry permit"
"00000000000000000000000000000099","New Sponsor Passport Page 3"
"6154B1AB47734C4E9782186F9C7A2BC4","Others Page 9"
"00000000000000000000000000000073","New Sponsored Passport Page 5"
"00000000000000000000000000000186","Death Certificate Page 3"
"4A00A65FDE3447828979B41DAAAD03EA","Others Page 3"
